Id,orfc ml200
MT291826.1,6
JQ403609.2,1
MK204479.1,1
NC_032730.1,7
MK425024.2,1
MN262644.1,5
KU973692.1,6
MK956940.2,8
MH025762.1,6
LC528383.1,5
MN228487.1,3
MN228488.1,3
MK780824.1,6
MN179491.1,5
MN337880.1,5
MN204505.1,4
MN598561.1,1
KU707475.2,3
MN164467.1,1
MN171528.1,1
MN175321.1,3
MN175323.1,1
MN872302.2,5
MH002337.1,8
MH002340.1,7
MN149538.1,1
KC807170.1,4
MK334043.1,6
MN119304.1,5
MN602325.1,1
MN864567.1,4
MG987420.1,8
MK368727.1,3
MN995807.1,1
MN995808.1,2
KY369905.1,8
KY369908.1,6
MK472693.1,1
MN116683.1,1
KT886454.1,5
MN243731.1,3
MN953619.1,1
MK689070.1,1
MK689071.1,1
MN725025.1,3
MH763675.1,2
LC064152.1,3
MK396065.1,1
MN068022.1,2
MN082651.1,1
MN849355.1,3
MT026582.1,3
MT031988.1,3
LC522982.1,3
LC522983.1,3
LC522985.1,3
LC522986.1,3
LC522988.1,3
LC522996.1,3
LC522999.1,3
LC523019.1,7
LC523025.1,8
LC523031.1,3
LC523033.1,6
MN075149.1,3
MN315264.1,6
MN832785.1,1
MN038405.1,3
LC494126.1,8
KC285152.2,3
MG873157.1,1
MG772933.1,6
MK007532.1,1
MK340754.1,1
MN538208.1,1
MN933859.1,1
LC374954.1,1
MK163943.1,1
LC496857.1,2
LC497421.1,4
LC504568.1,2
MN709786.1,1
MN073058.1,6
MN784122.1,1
MN784123.1,1
MK234885.1,1
MN401237.1,2
LC495296.1,1
LC495298.1,1
MF423373.2,1
MK241415.1,1
LC483874.1,1
MK895974.1,1
MG207962.1,1
MK684348.1,3
MN565031.1,2
MN565034.1,2
MK867378.1,2
KU171814.1,1
MN182533.2,3
JN819404.1,1
MG243699.1,1
MK440140.2,1
MN584737.1,1
MK836301.1,3
MK962320.1,1
MK962337.1,2
MK962341.1,3
MN650196.1,1
NC_040685.2,4
MK503771.1,4
MK645238.1,2
MH891766.1,1
MH891767.1,1
MH891769.1,1
MN166092.1,1
MN166093.1,1
MN228693.1,1
LC480818.1,3
MK756119.1,1
MH397222.1,1
MK775204.1,1
KT316278.1,6
KT316279.1,7
MN124783.1,1
MF498886.1,1
MK061424.1,1
LC461957.1,2
NC_040815.1,1
MK795517.1,1
MN082715.1,1
MK563993.1,1
MN187035.1,5
LC428355.1,5
LC428358.1,5
LC506604.1,1
MK012335.1,3
MH043132.1,1
MF409176.1,2
MF409178.1,3
NC_044855.1,3
MK704471.1,2
MN212905.1,1
LC483440.1,1
LC483441.1,1
LC504570.1,1
MK889501.1,1
MN514962.1,8
MN477208.1,3
AB716963.1,3
LC500835.1,4
LC500882.1,1
MK593171.1,1
MK671306.1,3
MK671314.1,4
MK613996.1,5
LC387631.1,2
MK652136.1,1
MK652137.1,1
MK652138.1,1
MK652140.1,1
MK652142.1,1
MK652145.1,1
MN462922.1,3
MK780807.1,5
MK613068.1,3
MN095414.1,3
MN275118.1,1
MN480761.1,3
MK558273.1,4
LC469308.1,7
MN369030.1,1
MN369035.1,1
MN369037.1,1
MN369038.1,1
MN369039.1,1
MN369040.1,1
MN369042.1,1
MN369044.1,1
MN369045.1,1
MK645898.1,1
MG656405.1,1
NC_040361.1,1
NC_040434.1,1
NC_040534.1,4
NC_040535.1,5
NC_040540.1,2
NC_040543.1,1
NC_040545.1,2
NC_040549.1,4
NC_040554.1,3
NC_040555.1,2
NC_040556.1,3
NC_040558.1,1
NC_040559.1,1
NC_040560.1,1
NC_040564.1,2
NC_040565.1,3
NC_040568.1,2
NC_040570.1,6
NC_040572.1,7
NC_040574.1,1
NC_040575.1,2
NC_040582.1,7
NC_040586.1,1
NC_040588.1,1
NC_040589.1,1
NC_040605.1,1
NC_040609.1,2
NC_040611.1,2
NC_040613.1,2
NC_040614.1,3
NC_040627.1,3
NC_040630.1,3
NC_040631.1,1
NC_040642.1,1
NC_040643.1,3
NC_040644.1,5
NC_040645.1,2
NC_040646.1,1
NC_040647.1,1
NC_040649.1,1
NC_040650.1,1
NC_040656.1,1
NC_040661.1,1
NC_040673.1,1
NC_040674.1,2
NC_040675.1,2
NC_040680.1,6
NC_040684.1,1
NC_040689.1,3
NC_040702.1,1
NC_040703.1,3
NC_040710.1,4
NC_040717.1,1
NC_040724.1,1
NC_040797.1,2
NC_040799.1,1
NC_040800.1,3
NC_040802.1,1
NC_040816.1,1
NC_040819.1,0
NC_040825.1,1
NC_040834.1,7
NC_040835.1,2
NC_040836.1,1
NC_040842.1,2
MK055337.1,5
MK491895.1,8
MN356037.1,1
LC381945.1,3
MK509773.1,1
MK509774.1,1
MK509775.1,1
MK804765.1,6
LC179613.1,3
MN233654.1,3
KY821090.1,7
KY821095.1,6
KY940820.1,8
MH713426.1,1
MN635447.1,7
MN688647.1,1
MN749140.1,1
MN749141.1,1
MN749144.1,1
MN749147.1,1
MN749148.1,1
MN749149.1,1
MN749155.1,1
MN749158.1,1
MN242369.1,1
MH558035.1,3
MN481403.1,1
MN145871.1,1
MN203148.1,5
MN107382.1,1
MN203139.1,3
KY711418.1,1
MF078483.1,1
MH158659.1,3
LC483442.1,6
MN600000.1,5
MK982553.1,3
MN510867.1,2
MN781627.1,1
MK955888.1,1
MN385583.1,1
MK658830.1,1
MN622133.1,4
MK599421.1,2
MK933286.1,4
MK988414.1,1
MN057643.1,1
MN718732.1,5
MK975887.1,1
MK975888.1,1
MK975889.1,5
MN128938.1,4
MN128941.1,4
MN115377.1,3
MN547968.1,1
LC511903.1,1
MG976720.1,2
MH750912.1,1
MG921619.1,3
MK294345.1,1
MK800121.1,1
MN306025.1,1
MN306034.1,1
MN306047.1,1
MG893511.1,7
MK431779.1,3
MK130864.1,4
MH370485.1,3
MK292710.1,4
MK837006.1,3
MK460230.1,3
MH745077.1,7
MK369929.1,4
MK419834.1,1
MN116646.1,2
MN116647.1,1
MN116648.1,1
MK371020.1,1
NC_021153.1,1
NC_039475.1,3
LC424105.3,1
MF590069.1,1
NC_029055.1,1
MH827523.1,2
NC_039897.1,3
NC_044045.1,3
NC_044046.1,3
MK279472.1,1
MN181513.1,1
MK028842.1,3
MK028843.1,3
MK410044.1,2
MK648158.1,3
NC_031916.1,1
NC_038428.1,1
NC_038430.1,1
NC_038432.1,1
MK955806.1,5
LC487707.1,3
MK386569.1,3
MK684252.1,1
MH545961.1,9
MN080499.1,3
MN080500.1,5
MN103523.1,1
MG602227.1,1
LC491285.1,4
NC_004102.1,1
NC_031324.1,3
MK604923.1,3
MK405594.1,1
MK652148.1,4
MK948533.1,4
MK948534.1,4
MN061492.1,1
NC_043487.1,6
NC_043532.1,1
NC_043536.1,1
NC_043537.1,1
MK216749.1,1
MF563877.1,4
MK796243.1,3
MK217416.1,1
MK423876.1,5
MK907880.1,1
MK142237.1,6
MK089847.1,2
MK512666.1,1
MH427033.1,3
MK111628.1,1
MK280688.1,2
NC_009530.1,1
NC_011829.1,1
NC_012533.1,1
NC_012534.1,1
NC_022619.1,1
NC_024018.2,1
NC_038306.1,1
NC_038309.1,1
NC_038312.1,1
NC_038504.1,3
NC_040610.1,1
NC_040682.1,3
NC_040776.1,2
NC_040788.1,1
MH365458.1,1
MK103391.1,1
MK392509.1,2
MK599471.1,1
MK816927.1,3
NC_030791.1,1
MK104144.1,1
LC480257.1,6
LC480258.1,6
NC_005064.1,2
NC_007580.2,1
NC_009028.2,1
NC_009029.2,1
NC_012932.1,2
NC_016997.1,1
NC_017086.1,2
NC_027817.1,2
NC_027819.1,2
NC_034007.1,1
NC_034151.1,1
NC_001655.1,1
NC_003635.1,1
NC_003690.1,1
NC_004119.1,1
NC_005062.1,1
NC_008718.1,1
NC_008719.1,1
NC_021069.1,2
NC_026620.1,1
NC_026624.1,1
NC_027709.1,1
NC_027999.1,1
NC_009823.1,1
NC_009827.1,2
MK012662.1,3
MK038999.1,1
MH229997.1,1
MK680813.1,1
LR584019.1,5
LR584028.1,5
MK092720.1,1
MH231174.1,3
MK250983.1,2
MH898883.1,1
MH704740.1,6
MH898957.1,2
MK679660.1,8
MH705129.1,3
MK089787.1,2
MK649770.1,3
MH023310.1,2
MH712856.1,3
MH118024.1,1
MH118025.1,1
MH118031.1,1
MH144598.1,1
MH144600.1,1
MH144605.1,1
MK395166.1,3
MH697599.1,6
MK026166.1,3
LC215896.2,1
LC215897.2,1
LC215899.2,1
MK520815.1,1
MH595919.1,3
MK116871.1,1
MK301398.1,3
MG212485.1,1
MG982663.1,1
MF543016.1,3
MK050790.1,6
MK238483.1,1
MK279354.1,1
MH785183.2,1
MK070541.1,1
MH463455.1,5
MH381817.1,3
MH807261.1,1
MH423501.1,3
MG950178.1,1
MH410812.1,1
MH345698.1,3
MH345723.1,4
MH347276.1,1
MH347277.1,1
MK189163.1,1
MK073885.1,3
MK050105.1,2
MH171482.1,5
KY342346.1,1
KY774446.1,3
MH051229.1,1
MH686150.1,6
LC416593.1,1
MH170887.1,1
MH170889.1,1
NC_007733.2,3
MG649392.1,1
MH155201.1,8
MH810163.1,7
MK167031.1,1
MK167038.1,8
KY406735.1,6
MF083152.1,1
MH013226.1,1
MH806434.1,1
NC_028963.1,6
MK127536.1,1
MH069210.1,1
MH069211.1,3
MH779472.1,1
MH614922.1,1
MK069966.1,1
KX373900.1,1
MK059949.1,3
MK059950.1,3
MK059951.1,3
MK059952.1,3
MK059953.1,3
MK059954.1,3
MK059955.1,3
MK059956.1,3
LC434061.1,6
LC434065.1,4
MH719099.1,4
MK062179.1,6
MH706739.1,3
MH782222.1,2
LC433737.1,1
MH885652.1,3
NC_039476.1,3
MH144341.1,2
MH027992.1,1
MG755212.1,1
LC386152.1,1
MG660825.1,3
NC_023162.1,1
NC_032681.1,3
MH992118.1,3
MG599488.1,2
MG711313.1,1
MH179063.1,1
KT965725.1,1
KX900393.1,6
MG865890.1,3
MH784438.1,3
MG356505.1,3
MG923683.1,1
MH271171.1,5
KT152148.1,3
MG250195.1,4
MH359230.1,3
MG372727.1,1
MG372729.1,1
MG372731.1,1
MF622078.1,5
MG571548.1,1
MG657357.1,3
MG182693.1,4
LC422371.1,3
MF677852.1,2
KX688105.1,2
MF991299.1,3
MH188018.1,5
MF990287.1,3
MG967280.1,4
MH745407.1,1
KX823354.1,1
MF766258.1,1
MH507165.1,3
NC_030452.1,4
NC_034204.1,2
NC_034205.1,2
NC_034206.1,1
NC_034207.1,5
NC_034208.1,1
NC_034444.1,2
NC_034509.1,3
NC_011547.1,6
NC_038293.1,7
NC_038294.1,7
NC_038296.1,4
NC_038297.1,4
NC_038301.1,1
NC_038302.1,1
NC_038304.1,1
NC_038310.1,1
NC_038311.1,1
NC_038317.1,1
NC_038320.1,1
NC_038324.1,3
NC_038325.1,3
NC_038331.1,2
NC_038421.1,8
NC_038433.1,2
NC_038560.1,1
NC_038561.1,1
NC_038670.1,3
NC_038672.1,3
NC_038673.1,3
NC_038674.1,3
NC_038675.1,3
NC_038912.1,1
NC_038966.1,3
NC_038984.1,1
NC_039002.1,1
NC_039004.1,1
NC_039088.1,1
NC_039207.1,8
NC_039208.1,6
NC_039209.1,1
NC_039212.1,1
NC_039235.1,1
NC_039236.1,5
NC_026439.1,5
MH752985.1,1
NC_036389.1,1
MH379331.1,3
MH520100.1,4
NC_006944.1,7
AC_000192.1,7
MF974579.2,4
NC_000940.1,2
NC_000947.1,1
NC_000960.1,1
NC_001339.1,4
NC_001366.1,1
NC_001411.2,1
NC_001426.1,2
NC_001430.1,1
NC_001441.1,3
NC_001469.1,3
NC_001480.1,3
NC_001483.1,4
NC_001492.1,2
NC_001512.1,2
NC_001513.1,3
NC_001517.1,1
NC_001545.2,7
NC_001554.1,4
NC_001598.1,6
NC_001600.1,3
NC_001625.2,3
NC_001628.1,2
NC_001632.1,1
NC_001633.1,3
NC_001639.1,4
NC_001696.2,3
NC_001721.1,3
NC_001726.1,4
NC_001728.1,3
NC_001746.1,2
NC_001753.1,3
NC_001768.1,1
NC_001777.1,3
NC_001780.1,3
NC_001793.1,3
NC_001814.1,1
NC_001818.1,3
NC_001822.1,3
NC_001837.1,1
NC_001846.1,8
NC_001874.1,2
NC_001890.1,2
NC_001918.1,6
NC_001977.1,3
NC_001990.1,2
NC_002164.1,3
NC_002187.1,3
NC_002306.3,7
NC_002351.1,3
NC_002358.1,3
NC_002469.1,3
NC_002470.1,3
NC_002500.1,3
NC_002551.1,2
NC_002552.1,3
NC_002568.2,3
NC_002588.1,4
NC_002604.1,3
NC_002615.1,1
NC_002618.2,3
NC_002633.1,3
NC_002691.1,1
NC_002700.2,2
NC_002729.1,3
NC_002786.1,3
NC_002792.2,3
NC_002795.1,3
NC_002815.2,3
NC_003005.1,2
NC_003093.1,4
NC_003113.1,1
NC_003347.1,10
NC_003369.1,4
NC_003375.1,4
NC_003376.1,4
NC_003399.1,1
NC_003400.1,3
NC_003412.1,2
NC_003433.1,2
NC_003449.1,1
NC_003451.1,1
NC_003487.1,3
NC_003491.1,5
NC_003499.1,3
NC_003501.1,1
NC_003532.1,4
NC_003535.1,4
NC_003557.1,3
NC_003602.1,3
NC_003603.1,4
NC_003605.1,1
NC_003606.1,1
NC_003610.1,4
NC_003617.1,3
NC_003628.1,1
NC_003633.1,3
NC_003634.1,3
NC_003649.1,1
NC_003678.1,1
NC_003680.1,3
NC_003691.1,1
NC_003742.1,1
NC_003747.2,3
NC_003781.1,1
NC_003794.1,3
NC_003795.1,4
NC_003797.1,1
NC_003820.1,2
NC_003852.1,3
NC_003870.1,3
NC_003878.1,4
NC_003900.1,3
NC_003930.1,2
NC_003976.2,1
NC_003983.1,1
NC_003987.1,1
NC_003988.1,1
NC_003990.1,1
NC_004011.1,1
NC_004012.1,4
NC_004016.1,1
NC_004035.1,1
NC_004046.1,1
NC_004049.1,0
NC_004050.1,1
NC_004051.1,1
NC_004052.1,0
NC_004053.1,1
NC_004054.1,1
NC_004060.2,3
NC_004063.1,4
NC_004064.1,2
NC_004106.1,3
NC_004123.1,3
NC_004144.1,1
NC_004322.1,3
NC_004346.1,4
NC_004362.1,1
NC_004366.1,4
NC_004421.1,1
NC_004422.1,3
NC_004451.1,1
NC_004542.1,2
NC_004553.3,3
NC_004573.1,1
NC_004579.1,4
NC_004724.1,7
NC_004725.1,3
NC_004807.1,2
NC_004810.1,5
NC_004995.1,3
NC_005028.1,1
NC_005029.1,1
NC_005092.1,1
NC_005094.1,1
NC_005132.1,3
NC_005209.2,2
NC_005266.1,2
NC_005281.1,1
NC_005285.1,4
NC_005286.1,3
NC_005287.1,4
NC_005288.1,1
NC_005304.1,1
NC_005343.1,3
NC_005790.1,3
NC_005848.1,1
NC_005895.2,2
NC_005898.1,1
NC_005903.1,1
NC_005904.1,1
NC_005985.1,3
NC_006059.1,3
NC_006060.1,3
NC_006062.1,2
NC_006064.1,1
NC_006264.1,0
NC_006269.1,1
NC_006271.1,1
NC_006431.1,1
NC_006494.1,1
NC_006553.1,1
NC_006559.1,2
NC_006566.1,1
NC_006875.1,2
NC_006939.1,3
NC_006941.1,1
NC_006943.1,3
NC_006948.1,3
NC_006963.2,5
NC_007017.2,3
NC_007147.1,1
NC_007180.1,1
NC_007192.1,3
NC_007216.1,1
NC_007341.1,5
NC_007408.1,3
NC_007415.1,1
NC_007447.1,6
NC_007518.1,2
NC_007522.1,3
NC_007609.1,3
NC_007647.1,1
NC_007648.1,1
NC_007649.1,1
NC_007679.1,3
NC_007728.1,1
NC_007729.1,3
NC_007816.2,4
NC_007913.1,1
NC_007916.1,2
NC_007920.1,1
NC_008020.1,3
NC_008028.1,1
NC_008029.1,2
NC_008038.1,2
NC_008169.1,2
NC_008182.1,1
NC_008249.1,6
NC_008251.1,3
NC_008266.1,3
NC_008294.1,2
NC_008311.1,4
NC_008365.1,3
NC_008366.1,6
NC_008393.1,1
NC_008516.1,6
NC_008552.1,3
NC_008558.1,1
NC_008580.1,3
NC_008585.1,8
NC_008614.1,4
NC_008706.1,2
NC_008714.1,1
NC_008716.1,4
NC_008824.1,1
NC_009017.1,3
NC_009021.1,6
NC_009026.2,1
NC_009041.1,3
NC_009087.2,3
NC_009383.1,3
NC_009448.2,1
NC_009532.1,6
NC_009533.1,4
NC_009536.1,2
NC_009642.1,3
NC_009657.1,6
NC_009745.1,1
NC_009757.1,2
NC_009758.1,2
NC_009764.1,3
NC_009805.1,1
NC_009891.1,1
NC_009988.1,6
NC_009991.1,3
NC_010295.1,3
NC_010305.1,3
NC_010354.1,1
NC_010415.1,1
NC_010434.1,3
NC_010437.1,6
NC_010438.1,9
NC_010521.1,1
NC_010538.1,3
NC_010624.1,1
NC_010646.1,7
NC_010732.1,5
NC_010735.1,1
NC_010736.1,1
NC_010800.1,5
NC_010806.1,4
NC_010809.1,5
NC_010810.1,1
NC_010832.1,4
NC_010944.1,3
NC_010954.1,1
NC_011050.1,2
NC_011086.1,4
NC_011106.1,3
NC_011108.1,3
NC_011187.1,4
NC_011189.1,1
NC_011535.1,4
NC_011536.1,4
NC_011537.1,3
NC_011538.1,4
NC_011539.1,3
NC_011540.1,3
NC_011541.1,1
NC_011543.1,4
NC_011544.1,3
NC_011549.1,6
NC_011550.1,5
NC_011553.1,1
NC_011559.1,2
NC_011560.1,1
NC_011659.1,3
NC_011702.1,6
NC_011704.1,1
NC_011803.1,3
NC_011807.1,2
NC_012038.1,3
NC_012135.1,1
NC_012210.1,3
NC_012211.2,3
NC_012212.1,2
NC_012437.1,3
NC_012484.1,4
NC_012519.1,3
NC_012561.1,3
NC_012585.1,0
NC_012699.1,1
NC_012798.1,1
NC_012799.1,1
NC_012801.1,1
NC_012802.1,1
NC_012812.1,1
NC_012869.1,3
NC_012931.1,5
NC_012936.1,8
NC_012957.1,4
NC_012986.1,3
NC_013006.1,3
NC_013007.1,9
NC_013060.1,3
NC_013075.1,1
NC_013218.1,1
NC_013258.1,3
NC_013261.1,1
NC_013266.1,1
NC_013443.1,3
NC_013447.1,1
NC_013458.1,1
NC_013460.1,1
NC_013527.1,3
NC_013528.1,3
NC_013920.1,3
NC_014038.1,1
NC_014064.1,1
NC_014126.1,4
NC_014127.1,2
NC_014137.1,1
NC_014252.1,1
NC_014325.1,1
NC_014327.1,1
NC_014411.1,1
NC_014412.1,1
NC_014413.1,2
NC_014470.1,6
NC_014509.2,3
NC_014536.1,1
NC_014546.1,3
NC_014790.2,1
NC_014793.1,2
NC_014898.1,1
NC_014904.1,1
NC_014967.1,3
NC_014977.1,1
NC_015069.1,1
NC_015220.1,3
NC_015227.2,3
NC_015229.1,6
NC_015393.1,1
NC_015394.2,1
NC_015395.1,2
NC_015414.1,1
NC_015492.1,1
NC_015522.1,3
NC_015523.1,2
NC_015524.1,2
NC_015552.1,3
NC_015626.1,1
NC_015629.1,0
NC_015706.1,4
NC_015874.1,4
NC_015934.1,1
NC_015935.1,3
NC_015936.1,5
NC_015939.1,1
NC_015940.1,1
NC_015941.1,1
NC_016003.1,3
NC_016033.1,3
NC_016044.1,1
NC_016080.1,3
NC_016081.1,6
NC_016155.1,3
NC_016156.1,1
NC_016159.1,1
NC_016403.1,1
NC_016404.1,4
NC_016405.1,1
NC_016417.1,6
NC_016440.1,3
NC_016441.1,1
NC_016442.1,3
NC_016443.1,1
NC_016519.1,3
NC_016648.1,1
NC_016769.1,2
NC_016896.1,3
NC_016959.1,3
NC_016960.1,3
NC_016961.1,3
NC_016962.1,3
NC_016964.1,1
NC_016991.1,6
NC_016992.1,6
NC_016993.1,6
NC_016994.1,5
NC_016995.1,5
NC_016996.1,6
NC_017003.1,2
NC_017083.1,7
NC_017099.1,1
NC_017824.1,1
NC_017859.1,3
NC_017914.1,3
NC_017936.1,3
NC_017938.1,1
NC_017967.1,1
NC_017977.1,1
NC_018176.1,1
NC_018226.1,1
NC_018382.1,3
NC_018383.1,1
NC_018400.1,1
NC_018448.1,3
NC_018449.1,3
NC_018455.1,1
NC_018458.1,3
NC_018506.1,1
NC_018519.1,7
NC_018570.2,2
NC_018571.2,6
NC_018572.1,1
NC_018613.1,2
NC_018615.1,3
NC_018668.1,1
NC_018713.1,1
NC_018714.1,3
NC_018833.1,1
NC_018871.1,6
NC_018872.2,1
NC_019025.1,3
NC_019026.1,3
NC_019027.1,3
NC_019028.1,3
NC_019029.1,2
NC_019030.1,2
NC_019031.1,1
NC_019409.1,1
NC_019412.1,1
NC_019415.1,1
NC_019453.1,2
NC_019493.1,1
NC_019494.1,3
NC_019707.1,2
NC_020072.1,1
NC_020105.1,1
NC_020415.1,3
NC_020469.1,3
NC_020470.1,2
NC_020471.1,2
NC_020896.1,1
NC_020899.1,4
NC_020900.1,4
NC_020901.1,4
NC_020902.1,1
NC_020996.1,3
NC_021065.1,1
NC_021154.1,1
NC_021178.1,2
NC_021481.1,3
NC_021566.1,1
NC_021567.1,1
NC_021705.2,3
NC_021706.1,1
NC_021786.1,1
NC_021851.1,3
NC_021926.1,3
NC_022072.1,6
NC_022103.1,6
NC_022249.1,3
NC_022332.1,1
NC_022611.1,1
NC_022745.1,1
NC_022801.1,3
NC_022802.1,1
NC_022894.1,6
NC_022895.1,4
NC_022961.1,4
NC_023014.1,1
NC_023021.1,2
NC_023022.1,1
NC_023339.1,3
NC_023422.1,2
NC_023425.1,2
NC_023483.1,1
NC_023627.1,1
NC_023628.1,1
NC_023629.1,3
NC_023630.1,3
NC_023631.1,3
NC_023632.1,3
NC_023636.1,3
NC_023641.1,1
NC_023676.1,1
NC_023760.1,7
NC_023858.1,1
NC_023861.1,1
NC_023892.1,3
NC_023893.1,1
NC_023984.1,1
NC_023985.1,1
NC_023986.1,4
NC_023987.1,1
NC_023988.1,1
NC_024016.1,1
NC_024017.1,1
NC_024070.1,1
NC_024073.1,1
NC_024120.1,1
NC_024299.2,2
NC_024449.1,3
NC_024455.1,1
NC_024458.1,3
NC_024471.1,1
NC_024472.1,3
NC_024489.1,3
NC_024497.1,1
NC_024498.1,3
NC_024685.1,1
NC_024686.1,3
NC_024701.1,3
NC_024709.1,8
NC_024765.1,1
NC_024766.1,1
NC_024767.1,1
NC_024768.1,1
NC_024769.1,1
NC_024770.1,1
NC_024808.1,4
NC_024887.1,3
NC_024906.1,8
NC_025112.1,6
NC_025114.1,3
NC_025217.1,8
NC_025219.1,1
NC_025250.1,1
NC_025252.1,3
NC_025346.1,3
NC_025381.1,3
NC_025388.1,3
NC_025432.1,1
NC_025674.1,4
NC_025676.1,3
NC_025788.1,1
NC_025789.1,4
NC_025821.1,1
NC_025835.1,1
NC_025890.1,1
NC_025961.1,1
NC_025967.1,6
NC_026011.1,8
NC_026136.1,1
NC_026239.1,3
NC_026240.1,3
NC_026248.1,3
NC_026314.1,1
NC_026315.1,2
NC_026316.1,2
NC_026470.1,1
NC_026509.1,8
NC_026510.1,0
NC_026615.1,1
NC_026733.1,1
NC_026759.1,1
NC_026811.2,7
NC_026813.1,1
NC_026816.1,3
NC_026921.1,1
NC_027026.1,1
NC_027122.1,2
NC_027124.1,9
NC_027198.1,3
NC_027199.1,5
NC_027214.1,1
NC_027426.1,3
NC_027527.1,3
NC_027619.1,2
NC_027631.1,3
NC_027706.1,1
NC_027711.1,3
NC_027712.1,6
NC_027818.1,1
NC_027915.1,1
NC_027917.1,1
NC_027918.1,3
NC_027919.1,2
NC_027920.1,1
NC_027921.1,1
NC_028111.1,3
NC_028380.1,1
NC_028752.1,6
NC_028806.1,6
NC_028811.1,7
NC_028814.1,6
NC_028824.1,6
NC_028833.1,7
NC_028902.1,2
NC_028964.1,1
NC_028970.1,1
NC_028975.1,3
NC_028981.1,1
NC_029051.1,1
NC_029052.1,2
NC_029053.1,6
NC_029063.1,1
NC_029085.1,3
NC_029086.1,3
NC_029087.1,3
NC_029088.1,3
NC_029089.1,3
NC_029095.1,1
NC_029301.1,2
NC_029306.1,2
NC_029307.1,2
NC_029309.1,2
NC_029691.1,5
NC_029782.1,1
NC_029783.1,8
NC_029854.1,1
NC_029900.1,3
NC_029905.1,1
NC_029990.1,4
NC_029991.1,1
NC_029992.1,9
NC_029993.1,4
NC_030118.1,1
NC_030225.1,5
NC_030229.1,3
NC_030236.1,1
NC_030290.1,2
NC_030292.1,7
NC_030293.1,1
NC_030308.1,1
NC_030654.1,1
NC_030657.1,2
NC_030693.1,3
NC_030746.1,3
NC_030747.1,0
NC_030793.1,2
NC_030794.1,1
NC_030840.1,1
NC_030847.1,1
NC_030861.1,1
NC_030862.1,0
NC_030863.1,0
NC_030864.1,1
NC_030865.1,1
NC_030866.1,1
NC_030886.1,7
NC_030938.1,1
NC_031327.1,2
NC_031336.1,1
NC_031338.1,1
NC_031339.1,1
NC_031687.1,2
NC_031688.1,2
NC_031692.1,5
NC_031747.1,6
NC_031752.1,1
NC_032087.1,1
NC_032107.1,7
NC_032126.1,1
NC_032212.1,1
NC_032405.1,3
NC_033695.1,1
NC_033706.1,3
NC_033792.1,3
NC_033793.1,1
NC_033821.1,3
NC_033828.1,3
NC_034017.1,2
NC_034216.1,1
NC_034217.1,1
NC_034243.1,4
NC_034245.1,1
NC_034246.1,5
NC_034247.1,5
NC_034264.1,2
NC_034265.1,5
NC_034267.1,1
NC_034273.1,1
NC_034381.1,1
NC_034384.1,1
NC_034617.1,1
NC_034833.1,3
NC_034972.1,6
NC_034976.1,6
NC_035110.1,2
NC_035114.1,2
NC_035118.1,2
NC_035127.1,4
NC_035134.1,1
NC_035198.1,1
NC_035204.1,4
NC_035205.1,3
NC_035432.1,1
NC_035450.1,5
NC_035451.1,5
NC_035452.1,4
NC_035453.1,7
NC_035455.1,5
NC_035456.1,5
NC_035457.1,5
NC_035458.1,1
NC_035459.1,1
NC_035758.1,2
NC_035779.1,1
NC_036583.1,3
NC_036587.1,3
NC_036588.1,1
NC_036590.1,1
NC_036802.1,1
NC_036803.1,5
NC_037051.1,1
NC_037058.1,3
NC_037654.1,1
NC_037655.1,3
MH047856.1,1
KY765684.1,3
MG515473.1,1
MH450295.1,1
MH027948.1,1
LC389583.1,3
MF419263.1,1
LT898422.1,1
LT898437.1,2
MG181943.1,1
MH128992.1,1
MF693137.1,1
MF993576.1,3
MG780414.1,1
KT946714.1,1
LC380411.1,1
MF067043.1,4
MF083115.1,8
MG182694.1,1
AB455793.2,2
AB522397.2,1
MG672482.1,1
MG518518.1,8
MG881840.1,1
MF774336.1,2
AB522390.3,1
KX979913.1,1
AB647316.1,1
AB623037.2,1
MG451808.1,1
MF678294.1,1
KY941932.1,1
LC209439.1,3
LC209445.1,3
LC209449.1,3
LC209463.1,3
LC209467.1,3
LC209480.1,3
LC209481.1,3
LC164712.1,2
LC333552.1,1
KX274477.1,1
KT896495.1,1
KY063618.2,7
KY799179.1,6
MF554740.1,1
LC215874.1,2
LC215875.1,2
LC215876.1,2
LC215877.1,2
LC215878.1,2
LC215879.1,2
LC215880.1,1
LC215881.1,2
LC215882.1,2
LC215883.1,1
LC215884.1,2
LC215885.1,1
LC215886.1,1
LC215887.1,1
LC215888.1,1
LC215889.1,1
LC215890.1,1
LC215891.1,1
LC215892.1,1
LC215893.1,1
LC215894.1,1
LC215895.1,1
LC215898.1,1
MF806525.1,1
MF775366.1,1
KY442319.1,3
MF167434.1,6
KX512809.1,7
KX512810.1,7
KY460514.1,1
KX655860.1,1
JX993987.1,6
JX993988.1,6
KJ473795.1,6
KJ473796.1,6
KJ473797.1,8
KJ473798.1,7
KJ473799.1,7
KJ473800.1,7
KJ473810.1,6
KJ473811.1,6
KJ473812.1,6
KJ473813.1,6
KJ473814.1,6
KJ473815.1,6
KJ473816.1,6
KJ473820.1,7
KJ473821.1,7
KJ473822.1,8
KX494871.1,1
LC216914.1,6
KX231802.1,1
KY771081.1,3
KY629935.1,1
KY369878.1,1
KY369881.1,1
KY369888.1,1
KY369890.1,1
KY369894.1,1
KY369896.1,1
KY369899.1,1
KY369900.1,1
KX060810.1,1
LC190463.1,1
KU884971.1,1
KX432213.1,8
KX171334.1,1
LC177788.1,2
KY073747.1,6
KX431437.1,2
KX356068.1,1
KX356069.1,1
KX356070.1,1
LC214356.1,1
KU707902.1,1
KY039583.1,1
KY369873.1,1
KY369874.1,1
KY369875.1,1
KY369883.1,1
KY369884.1,1
KY369886.1,1
KX891411.1,1
KX980412.1,1
KP784691.1,3
KP784692.1,3
KP784693.1,3
KP784694.1,3
KP784695.1,3
KP784696.1,3
KP784697.1,3
KP784698.1,3
LC175468.1,3
KX394381.1,1
KX810066.1,1
KR815824.1,1
LC061272.1,8
KX148547.1,2
KU870455.1,3
KT879915.1,1
KT879916.1,1
KT879919.1,1
KT879920.1,1
KT879921.1,1
KU757046.1,3
KU757047.1,3
KU757048.1,3
KU757049.1,3
KU757050.1,3
KU757051.1,3
KU757052.1,3
KU761262.1,1
KT253324.1,6
LC061267.1,2
AF144618.2,1
AY457635.1,6
AY588319.1,6
DQ078814.2,3
EU563512.1,1
FJ425184.1,8
FJ425185.1,8
FJ425186.1,8
FJ425187.1,8
FJ425188.1,8
FJ425189.1,8
AB541212.1,3
AB541221.1,3
AB541300.1,3
AB541348.1,3
AY338174.1,6
AY338175.1,6
AY348314.1,6
HM450380.1,3
AY126474.2,3
AY150312.1,6
FJ647218.1,8
FJ647219.1,7
FJ647220.1,8
FJ647221.1,7
FJ647222.1,7
FJ647223.1,8
FJ647224.1,8
FJ647225.1,8
FJ647226.1,7
FJ647227.1,8
FJ755402.1,3
FJ755403.1,3
FJ755404.1,3
FJ755405.1,3
FJ884686.1,8
EF424615.1,8
EF424616.1,8
EF424617.1,8
EF424618.1,8
EF424619.1,8
EF424620.1,8
EF424621.1,8
EF424622.1,8
EF424623.1,8
EF424624.1,8
HQ169542.2,3
KX266901.1,3
DQ811785.1,6
DQ811787.1,6
DQ811788.1,6
KT365895.1,0
KT365896.1,0
KX000383.1,1
KX000384.1,1
KX260138.1,2
KX260141.1,1
KU558922.1,8
KX079488.1,3
KT327081.1,1
LC011929.1,1
KT726984.1,1
KT633943.1,1
KM609475.1,1
KP262053.1,1
KT277550.1,1
KT880665.1,1
KT880667.1,1
KR822424.1,5
KM401565.1,3
KT325852.1,2
AB983218.1,3
LC037415.1,3
LC043167.1,3
LC043168.1,3
KP888563.1,4
KR072674.1,3
KP849472.1,8
LN854563.1,3
KT253245.1,3
KP987265.1,2
KJ407072.2,3
KJ407073.1,3
KJ407074.2,3
KJ407075.1,3
KJ407076.1,3
KT589391.1,3
KP289436.1,1
KP289440.1,1
AB933644.1,3
AB933645.1,3
AB933646.1,3
AB933647.1,3
AB933648.1,3
AB933649.1,3
AB933650.1,3
AB933651.1,3
AB933652.1,3
AB933653.1,3
AB933654.1,3
AB933655.1,3
AB933656.1,3
AB933657.1,3
AB933658.1,3
AB933659.1,3
AB933660.1,3
AB933661.1,3
AB933662.1,3
AB933663.1,3
AB933664.1,3
AB933665.1,3
AB933666.1,3
AB933667.1,3
AB933668.1,3
AB933669.1,3
AB933670.1,3
AB933671.1,3
AB933672.1,3
AB933673.1,3
AB933674.1,3
AB933675.1,3
AB933676.1,3
AB933677.1,3
AB933678.1,3
AB933679.1,3
AB933680.1,3
AB933681.1,3
AB933682.1,3
AB933683.1,3
AB933684.1,3
AB933685.1,3
AB933686.1,3
AB933687.1,3
AB933688.1,3
AB933689.1,3
AB933690.1,3
AB933691.1,3
AB933692.1,3
AB933693.1,3
AB933694.1,3
AB933695.1,3
AB933696.1,3
AB933697.1,3
AB933698.1,3
AB933699.1,3
AB933700.1,3
AB933701.1,3
AB933702.1,3
AB933703.1,3
AB933704.1,3
AB933705.1,3
AB933706.1,3
AB933707.1,3
AB933708.1,3
AB933709.1,3
AB933710.1,3
AB933711.1,3
AB933712.1,3
AB933714.1,3
AB933715.1,3
AB933716.1,3
AB933717.1,3
AB933718.1,3
AB933719.1,3
AB933720.1,3
AB933721.1,3
AB933722.1,3
AB933723.1,3
AB933724.1,3
AB933725.1,3
AB933726.1,3
AB933727.1,3
AB933728.1,3
AB933729.1,3
AB933730.1,3
AB933731.1,3
AB933732.1,3
AB933733.1,3
AB933734.1,3
AB933735.1,3
AB933736.1,3
AB933737.1,3
AB933738.1,3
AB933740.1,3
AB933741.1,3
AB933742.1,3
AB933743.1,3
AB933744.1,3
AB933745.1,3
AB933746.1,3
AB933747.1,3
AB933748.1,3
AB933749.1,3
AB933750.1,3
AB933751.1,3
AB933752.1,3
AB933754.1,3
AB933755.1,3
AB933756.1,3
AB933757.1,3
AB933758.1,3
AB933759.1,3
AB933760.1,3
AB933761.1,3
AB933762.1,3
AB933763.1,3
AB933764.1,3
AB933765.1,3
AB933766.1,3
AB933767.1,3
AB933768.1,3
AB933769.1,3
AB933770.1,3
AB933771.1,3
AB948222.1,1
KC894731.1,3
KF573582.1,1
KJ196298.1,3
LN610099.1,5
KP886808.1,6
KP886809.1,6
KM258128.1,3
KM258129.1,3
KM258130.1,3
KM270559.1,2
KP298674.1,1
KJ769231.1,6
HE608963.1,1
HE608964.1,1
KJ955492.1,3
KJ955493.1,3
JQ717254.1,1
KM454473.1,5
LN854564.1,3
LN854565.1,3
LN854566.1,3
LN854567.1,3
LN854568.1,3
LN854569.1,3
LN854570.1,3
LN854571.1,3
LN854572.1,3
KM102449.1,4
KM102450.1,4
KF906260.1,5
KP699763.1,2
KP887098.1,8
KP974706.1,2
KP144318.1,2
KP259281.1,1
HF585099.1,1
KF917537.1,1
KF917538.1,1
KF917539.1,1
KF917540.1,1
KP296858.1,1
KM272334.1,3
KM820765.1,6
KM822593.1,3
KJ685403.1,3
KJ685405.1,3
KJ685408.1,3
KJ685412.1,3
KJ685413.1,3
KJ685414.1,3
KJ685415.1,3
KJ685417.1,3
KM408491.1,1
LM645057.1,6
AB935553.1,3
KC869678.4,8
KM225264.1,1
KM225265.1,1
KF874627.1,1
HQ012372.1,7
HQ392469.1,7
HQ890526.1,6
HQ890541.1,6
JF292921.1,6
JF292922.1,6
JN183882.1,7
JN183883.1,7
KF204570.1,2
KJ934637.1,2
KJ755189.1,1
EU155213.2,1
KJ196276.1,3
KJ196277.1,3
KJ196278.1,3
KJ196279.1,3
KJ196280.1,3
KJ196281.1,3
KJ196282.1,3
KJ196284.1,3
KJ196286.1,3
KJ196287.1,3
KJ196288.1,3
KJ196293.1,3
KJ196294.1,3
KJ196295.1,3
KJ196297.1,3
KJ196299.1,3
KJ601777.1,6
KJ601778.1,6
KJ601779.1,6
KJ601780.1,6
HQ663846.1,1
KJ649705.1,3
LK021688.1,1
KJ614529.1,7
KJ481931.1,6
JX678288.1,1
KF569996.1,6
KF985175.1,1
KJ541743.1,3
KF374704.1,3
JX989073.1,3
JX989074.1,3
JX989075.1,3
JQ911763.1,6
JQ613552.2,3
JQ613568.1,3
JQ613569.1,3
KF306212.1,3
KF306213.1,3
KF306214.1,3
KJ567050.1,6
AB447456.2,3
KF312882.1,1
KF676351.1,1
KF793824.1,7
KF981618.1,3
AY974192.2,1
HG917909.1,1
JX846927.1,3
KF680264.1,1
JN400618.2,3
JN400619.2,3
JN400599.1,3
JN400600.1,3
JN400601.1,3
JN400602.1,3
JN400603.1,3
JN400604.1,3
JN400605.1,3
JN400606.1,3
JN400607.1,3
JN400608.1,3
JN400609.1,3
JN400610.1,3
JN400611.1,3
JN400612.1,3
JN400613.1,3
JN400614.1,3
JN400615.1,3
JN400616.1,3
JN400617.1,3
JN400620.1,3
JN400621.1,3
JN400622.1,3
JN400623.1,3
JN400624.1,3
JN400625.1,3
JN400626.1,3
KC464496.1,3
KC464497.1,3
KC464498.1,3
KC464499.1,3
KC464500.1,3
KC577174.1,3
KC577175.1,3
JX477686.1,1
KC881005.1,6
KC881006.1,6
KF439722.1,1
KF367457.1,6
KC409317.1,3
KF712491.1,3
KF712496.1,3
KF712497.1,3
KF712498.1,3
KF712499.1,3
KF712501.1,3
KF712502.1,3
KF712504.1,3
KF712510.1,3
JX846924.1,3
JX846925.1,3
KF039725.1,3
KF039726.1,3
KF039728.1,3
KF039729.1,3
KF039730.1,3
KF039731.1,3
KF039732.1,3
KF039733.1,3
KF039734.1,3
KF039735.1,3
KF039737.1,3
KC576909.1,3
KC576912.1,3
KC792553.1,4
KC122918.1,2
KC292019.1,1
KF429761.1,3
KF429770.1,3
KF429783.1,3
KC894942.1,3
KC894943.1,3
JX439815.1,3
JX439816.1,3
JX439817.1,3
JX439818.1,3
JX439819.1,3
JX448566.1,3
FN430415.1,5
HF952119.1,3
HF952120.1,3
HF952121.1,3
HF952122.1,3
HF952123.1,3
HF952125.1,3
HF952126.1,3
HF952127.1,3
HF952128.1,3
HF952129.1,3
HF952130.1,3
HF952131.1,3
HF952133.1,3
HF952134.1,3
HF952135.1,3
JX227951.1,1
JX227952.1,1
JX227953.1,1
JX227954.1,1
JX227955.1,1
JX227957.1,2
JX227959.1,1
JX227961.1,1
JX227962.1,1
JX227963.1,1
JX227964.1,1
JX227967.1,2
JX227970.1,2
JX227977.1,1
KC631827.1,3
KC662537.1,3
HM748971.2,3
HM748972.2,3
HM748973.2,3
JQ613570.1,3
JX459900.1,3
JX459901.1,3
JX459902.1,3
JX459903.1,3
JX459904.1,3
JX459905.1,3
JX459906.1,3
JX459907.1,3
JX459908.1,3
KC757344.1,1
AF326750.2,1
AF326751.2,1
AF326754.2,1
AF326761.2,1
AF326764.2,1
JN379039.1,4
KC667074.1,7
KC960615.1,3
GU942820.1,1
KC463910.1,3
JQ911595.1,3
JQ911596.1,3
JQ911597.1,3
JQ911598.1,3
KC175342.1,3
KC175343.1,3
KC175344.1,3
KC175345.1,3
KC175346.1,3
KC175347.1,3
KC175348.1,3
KC175349.1,3
KC175350.1,3
KC175351.1,3
KC175352.1,3
KC175353.1,3
KC175354.1,3
KC175355.1,3
KC175356.1,3
KC175357.1,3
KC175358.1,3
KC175359.1,3
KC175360.1,3
KC175361.1,3
KC175362.1,3
KC175363.1,3
KC175364.1,3
KC175365.1,3
KC175366.1,3
KC175367.1,3
KC175368.1,3
KC175369.1,3
KC175370.1,3
KC175371.1,3
KC175372.1,3
KC175373.1,3
KC175374.1,3
KC175375.1,3
KC175376.1,3
KC175377.1,3
KC175378.1,3
KC175379.1,3
KC175380.1,3
KC175381.1,3
KC175382.1,3
KC175383.1,3
KC175384.1,3
KC175385.1,3
KC175386.1,3
KC175387.1,3
KC175388.1,3
KC175389.1,3
KC175390.1,3
KC175391.1,3
KC175392.1,3
KC175393.1,3
KC175394.1,3
KC175395.1,3
KC175396.1,3
KC175397.1,3
KC175398.1,3
KC175399.1,3
KC175400.1,3
KC175401.1,3
KC175402.1,3
KC175403.1,3
KC175404.1,3
KC175405.1,3
KC175406.1,3
KC175407.1,3
KC175408.1,3
KC175409.1,3
KC175410.1,3
KC409238.1,3
KC409239.1,3
KC409240.1,3
KC409241.1,3
KC409242.1,3
KC409243.1,3
KC409244.1,3
KC409246.1,3
KC409247.1,3
KC409248.1,3
KC409249.1,3
KC409250.1,3
KC409251.1,3
KC409252.1,3
KC409253.1,3
KC409254.1,3
KC409255.1,3
KC409256.1,3
KC409258.1,3
KC409259.1,3
KC409260.1,3
KC409261.1,3
KC409262.1,3
KC409263.1,3
KC409264.1,3
KC409265.1,3
KC409266.1,3
KC409267.1,3
KC409268.1,3
KC409269.1,3
KC409270.1,3
KC409271.1,3
KC409272.1,3
KC409273.1,3
KC409274.1,3
KC409275.1,3
KC409276.1,3
KC409277.1,3
KC409278.1,3
KC409279.1,3
KC409280.1,3
KC409281.1,3
KC409282.1,3
KC409283.1,3
KC409284.1,3
KC409285.1,3
KC409286.1,3
KC409287.1,3
KC409288.1,3
KC409289.1,3
KC409290.1,3
KC409291.1,3
KC409292.1,3
KC409293.1,3
KC409294.1,3
KC409295.1,3
KC409296.1,3
KC409297.1,3
KC409298.1,3
KC409299.1,3
KC409300.1,3
KC409303.1,3
KC409304.1,3
KC409306.1,3
KC409307.1,3
KC409308.1,3
KC409309.1,3
KC409310.1,3
KC409311.1,3
KC409312.1,3
KC409313.1,3
KC409314.1,3
KC409315.1,3
KC409318.1,3
KC013592.1,3
KC175323.1,3
KC409301.1,3
KC409302.1,3
JX898905.1,1
GU017903.2,3
GU594162.1,3
HF585098.1,1
JQ975417.1,1
JX047864.1,2
JX266782.1,6
HM153767.3,1
JQ622197.1,3
JX559646.1,3
JQ898342.1,2
JQ989266.1,6
EU143843.1,3
JQ924285.1,1
GQ502193.2,3
JQ920420.1,1
JQ911594.1,3
JX023285.1,3
JX023286.1,3
JQ966307.1,2
JX196334.1,1
DQ456824.1,3
JQ397329.1,1
JX174176.1,1
JQ798158.1,3
JQ277724.1,1
JX126912.1,3
JX126913.1,3
AB614356.1,2
JN700748.1,4
AY823305.2,3
HM131607.1,1
HQ392821.1,3
JN854286.1,6
JF792616.1,8
JQ410000.1,5
JQ388274.1,3
JQ582840.1,1
JQ173883.1,8
AY237423.2,1
AY646853.2,1
AY646854.2,2
JQ041368.1,1
JQ289550.1,1
GU991353.1,3
GU991354.1,3
GU991355.1,3
HM147986.1,3
JQ237823.1,4
EF187497.2,3
EF684915.2,3
GQ845024.2,3
GQ845366.2,3
GQ845368.2,3
GQ845369.3,3
JN088541.1,5
JN595867.1,3
FR878069.1,3
JN588558.1,1
GQ845370.2,3
JN542510.1,1
AB558135.2,1
AY859526.1,1
DQ480512.1,1
JF260917.1,1
JF260920.1,1
JF260924.1,1
GU325839.2,3
HQ449728.1,3
HQ664990.1,3
HM237361.1,1
GU445325.2,3
HQ702854.1,1
EU140838.1,1
JF320644.1,4
JF320645.1,4
JF320646.1,4
JF320647.1,4
JF320648.1,4
JF320649.1,4
JF320650.1,4
JF320651.1,4
JF320652.1,4
JF320653.1,4
DQ811784.2,8
DQ811786.2,5
DQ811789.2,6
FJ938058.1,7
GU292559.1,2
HQ400942.1,1
HM775882.1,1
FJ514242.1,3
HM590055.1,1
AY843300.1,1
DQ448613.1,3
GQ845367.2,3
HQ392470.1,7
HQ392471.1,7
HQ392472.1,6
HM211098.1,7
HM211099.1,6
HM211100.1,7
HM211101.1,7
FJ009367.1,3
HQ009513.1,3
GU345043.1,2
GU550508.1,1
EU037962.1,2
AY686687.1,2
HQ012367.1,7
HQ012368.1,7
HQ012369.1,6
HQ012370.1,7
HQ012371.1,7
GU980585.1,3
AB541201.1,3
AB541202.1,3
AB541203.1,3
AB541204.1,3
AB541205.1,3
AB541206.1,3
AB541207.1,3
AB541208.1,3
AB541209.1,3
AB541210.1,3
AB541211.1,3
AB541213.1,3
AB541214.1,3
AB541215.1,3
AB541216.1,3
AB541217.1,3
AB541218.1,3
AB541219.1,3
AB541220.1,3
AB541222.1,3
AB541223.1,3
AB541224.1,3
AB541225.1,3
AB541226.1,3
AB541227.1,3
AB541228.1,3
AB541229.1,3
AB541230.1,3
AB541231.1,3
AB541232.1,3
AB541233.1,3
AB541234.1,3
AB541235.1,3
AB541236.1,3
AB541237.1,3
AB541238.1,3
AB541240.1,3
AB541241.1,3
AB541242.1,3
AB541243.1,3
AB541244.1,3
AB541245.1,3
AB541246.1,3
AB541247.1,3
AB541248.1,3
AB541249.1,3
AB541250.1,3
AB541251.1,3
AB541252.1,3
AB541253.1,3
AB541254.1,3
AB541255.1,3
AB541256.1,3
AB541257.1,3
AB541258.1,3
AB541259.1,3
AB541260.1,3
AB541261.1,3
AB541262.1,3
AB541263.1,3
AB541264.1,3
AB541265.1,3
AB541266.1,3
AB541267.1,3
AB541268.1,3
AB541269.1,3
AB541270.1,3
AB541271.1,3
AB541272.1,3
AB541273.1,3
AB541274.1,3
AB541275.1,3
AB541276.1,3
AB541277.1,3
AB541278.1,3
AB541279.1,3
AB541280.1,3
AB541281.1,3
AB541282.1,3
AB541283.1,3
AB541284.1,3
AB541285.1,3
AB541286.1,3
AB541287.1,3
AB541288.1,3
AB541289.1,3
AB541290.1,3
AB541291.1,3
AB541292.1,3
AB541293.1,3
AB541294.1,3
AB541296.1,3
AB541297.1,3
AB541298.1,3
AB541299.1,3
AB541301.1,3
AB541302.1,3
AB541303.1,3
AB541304.1,3
AB541305.1,3
AB541306.1,3
AB541307.1,3
AB541308.1,3
AB541309.1,3
AB541310.1,3
AB541311.1,3
AB541312.1,3
AB541313.1,3
AB541314.1,3
AB541315.1,3
AB541316.1,3
AB541317.1,3
AB541318.1,3
AB541319.1,3
AB541320.1,3
AB541321.1,3
AB541322.1,3
AB541323.1,3
AB541324.1,3
AB541325.1,3
AB541326.1,3
AB541327.1,3
AB541328.1,3
AB541329.1,3
AB541330.1,3
AB541331.1,3
AB541332.1,3
AB541333.1,3
AB541334.1,3
AB541335.1,3
AB541336.1,3
AB541337.1,3
AB541338.1,3
AB541339.1,3
AB541340.1,3
AB541341.1,3
AB541342.1,3
AB541343.1,3
AB541344.1,3
AB541345.1,3
AB541346.1,3
AB541347.1,3
AB541349.1,3
AB541350.1,3
AB541351.1,3
AB541352.1,3
AB541353.1,3
AB541354.1,3
AB541355.1,3
AB541356.1,3
AB541357.1,3
AB541358.1,3
AB541359.1,3
AB541360.1,3
AB541361.1,3
AB541362.1,3
GQ891990.1,3
HM002617.1,1
FJ387164.1,2
GQ153539.1,6
GQ153540.1,6
GQ153541.1,6
GQ153542.1,6
GQ153543.1,6
GQ153544.1,6
GQ153545.1,6
GQ153546.1,6
GQ153547.1,6
GQ153548.1,6
GQ249161.1,1
AB426608.1,1
AB426609.1,1
GQ323774.1,1
FJ588686.1,6
AB543808.1,3
GU553361.1,7
GU553362.1,7
FJ515294.1,3
FJ446719.1,4
FJ537134.1,3
FJ537135.1,3
FJ537136.1,3
FJ537137.1,3
FJ537138.1,3
FN430414.1,5
GQ475301.1,2
GQ475302.1,2
GQ485310.1,1
GQ485311.1,1
AY278487.3,6
AY278488.2,6
AY278489.2,6
AY278490.3,6
AY279354.2,6
FJ384560.1,1
DQ399290.1,1
FJ938051.1,7
FJ938052.1,7
FJ938053.1,7
FJ938054.1,7
FJ938055.1,6
FJ938056.1,6
FJ938057.1,7
FJ938059.1,7
FJ938060.1,7
FJ938061.1,7
FJ938062.1,7
FJ938063.1,8
FJ938064.1,8
FJ938065.1,8
FJ938066.1,8
FJ938067.1,8
FJ355929.1,1
FJ355930.1,1
EF555645.1,1
FJ882963.1,6
FJ445112.1,1
FJ445113.1,1
FJ445114.1,1
FJ445116.1,1
FJ445118.1,1
FJ445119.1,1
FJ445121.1,1
FJ445124.1,1
FJ445125.1,1
FJ445127.1,1
FJ445128.1,1
FJ445130.1,1
FJ445131.1,1
FJ445135.1,1
FJ445137.1,1
FJ445140.1,1
FJ445142.1,1
FJ445143.1,1
FJ445145.1,1
FJ445146.1,1
FJ445147.1,1
FJ445149.1,1
FJ445151.1,1
FJ445152.1,1
FJ445153.1,1
FJ445154.1,1
FJ445155.1,1
FJ445156.1,1
FJ445157.1,1
FJ445162.1,1
FJ445163.1,1
FJ445165.1,1
FJ445167.1,1
FJ445169.1,1
FJ445170.1,1
FJ445171.1,1
FJ445174.1,1
FJ445175.1,1
FJ445176.1,1
FJ445178.1,1
FJ445179.1,1
FJ445180.1,1
FJ445181.1,1
FJ445182.1,1
FJ445183.1,1
FJ445185.1,1
FJ445190.1,1
AY632538.4,1
AY772062.1,6
FJ654700.1,1
EU556224.1,1
EU716175.1,1
AJ965628.2,2
AB090161.1,1
EU371559.1,6
EU371560.1,6
EU371561.1,6
EU371562.1,6
EU371563.1,6
EU371564.1,6
FJ376620.1,6
AB031663.1,1
AB070959.1,1
EF667344.1,1
EU542581.1,1
FJ415324.1,8
AB447427.1,3
AB447428.1,3
AB447429.1,3
AB447430.1,3
AB447431.1,3
AB447432.1,3
AB447434.1,3
AB447435.1,3
AB447436.1,3
AB447437.1,3
AB447438.1,3
AB447439.1,3
AB447440.1,3
AB447441.1,3
AB447442.1,3
AB447443.1,3
AB447444.1,3
AB447445.1,3
AB447446.1,3
AB447447.1,3
AB447448.1,3
AB447449.1,3
AB447450.1,3
AB447451.1,3
AB447452.1,3
AB447453.1,3
AB447454.1,3
AB447455.1,3
AB447457.1,3
AB447458.1,3
AB447459.1,3
AB447460.1,3
AB447461.1,3
AB447462.1,3
AB447463.1,3
EU854589.1,4
EU755009.1,1
AM910652.2,1
AB205396.1,1
AY237422.3,1
AB365435.1,3
EU420137.1,6
AM404308.1,1
EF552688.1,1
EF552689.1,1
EF552690.1,1
EF552691.1,1
EF552692.1,1
EF552693.1,1
EF552694.1,1
EF552695.1,1
EF552696.1,1
EF552697.1,1
EF429197.1,1
EF429198.1,1
EF429199.1,1
EF429200.1,1
DQ851494.1,1
EU310927.1,3
D11126.1,1
EF011023.1,2
DQ812092.1,1
AY878650.1,1
AY878652.1,1
DQ314805.1,2
DQ314806.1,2
DQ835760.1,1
DQ835761.1,1
DQ835762.1,1
DQ835763.1,1
EF424625.1,3
EF424626.1,2
EF424627.1,2
EF424628.1,1
EF424629.1,1
EU004663.1,4
EU004664.1,4
EU004666.1,4
EU004667.1,4
EU004668.1,4
EU004669.1,4
EU004670.1,4
EU004671.1,4
EU004672.1,4
EU004673.1,4
EU004674.1,4
EU004675.1,4
EU004677.1,4
EU004678.1,4
EU004679.1,4
EU004680.1,4
EU004681.1,4
EU004682.1,4
EU004683.1,4
AF238486.1,1
DQ658413.1,3
DQ902713.1,1
AY843302.1,1
AY843304.1,1
AY843308.1,1
DQ201177.1,1
EF173414.1,1
EF173420.1,1
EF173423.1,1
EF173425.1,1
DQ473486.1,1
DQ473488.1,1
DQ473489.1,1
DQ473492.1,1
DQ473493.1,1
DQ473494.1,1
DQ473497.1,1
DQ473499.1,1
DQ473504.1,1
DQ473505.1,1
DQ473506.1,1
DQ473508.1,1
DQ473510.1,1
DQ473511.1,1
DQ915164.2,8
EF067923.1,1
EF067924.1,1
EF558545.1,1
DQ916376.1,1
AJ889867.1,1
AJ889868.1,1
AM113988.1,1
EF065506.1,8
EF065507.1,8
EF065508.1,8
EF065510.1,7
EF065511.1,7
EF065512.1,7
EF065514.1,6
EF065515.1,7
EF065516.1,8
AY462107.1,1
AY595412.1,7
X92886.1,1
AF526381.3,1
AY864806.1,6
DQ058829.1,2
AB220921.1,3
AY686863.1,6
DQ648794.1,8
DQ648856.1,6
DQ648857.1,6
DQ412042.1,6
DQ412043.1,6
AY741811.1,3
AF097917.5,4
DQ640652.1,7
AY864805.1,6
AM157175.1,1
AP006557.1,6
AP006558.1,6
AP006559.1,6
AP006560.1,6
AP006561.1,6
DQ011234.1,3
AB257344.1,6
DQ462443.1,1
DQ369797.1,3
DQ071615.1,6
AY898809.1,1
AY646856.2,1
AY646855.2,1
AY237419.2,2
AY800279.1,3
AY572034.1,6
AY572035.1,6
AY572038.1,6
AF502399.1,1
J04358.2,1
D49374.1,1
AY485277.1,6
AY485278.1,6
AB030907.1,1
AB047639.1,1
D14853.1,2
D28917.1,1
D50409.1,1
D63821.1,1
D63822.1,1
D84263.2,1
D84264.2,1
D84265.2,2
DQ022305.2,6
AY848695.2,1
DQ084199.1,6
DQ084200.1,6
DQ182595.1,6
AB187514.1,3
AY686864.1,6
X65102.2,3
AY394850.2,8
AY593804.1,1
AY593806.1,1
AY593808.1,1
AY593809.1,1
D00435.1,1
D00538.1,1
X84981.1,1
X86557.1,3
X87607.1,1
Z29514.1,1
AJ243370.1,4
AJ585412.1,1
U54983.1,1
AY515512.1,6
AY554397.1,1
AF346759.1,1
AY262352.1,5
AY772730.1,3
AF377945.1,1
AY317098.1,1
AY714217.1,6
AY559081.1,7
AY559082.1,6
AY559083.1,6
AY559084.1,6
AY559085.1,6
AY559086.1,6
AY559087.1,6
AY559088.1,7
AY559089.1,12
AY559090.1,9
AY559091.1,7
AY559092.1,6
AY559093.1,6
AY559094.1,7
AY559095.1,6
AY559096.1,6
AY559097.1,7
AY587984.1,3
AY587986.1,3
AY587987.1,3
AY587988.1,3
AY587989.1,3
AY581254.1,3
AY646283.1,5
AY134748.1,3
AY421761.1,1
AY518894.1,6
AY575773.1,1
AY323977.2,6
AY237415.2,3
AY291451.1,6
AY502923.1,6
AY502924.1,6
AY502926.1,6
AY502927.1,6
AY502928.1,6
AY502929.1,6
AY502930.1,6
AY502931.1,6
AY502932.1,6
AY390556.1,6
AY394978.1,6
AY394979.1,6
AY394983.1,6
AY394985.1,6
AY394986.1,6
AY394987.1,6
AY394989.1,6
AY394990.1,6
AY394991.1,6
AY394992.1,6
AY394993.1,6
AY394994.1,6
AY394995.1,6
AY394996.1,6
AY394998.1,6
AY394999.1,6
AY395000.1,6
AY395002.1,6
AY395003.1,6
AY463059.1,6
AY463060.1,6
AY302539.1,1
AY302541.1,1
AY302543.1,1
AY302547.1,1
AY302550.1,1
AY302551.1,1
AY302554.1,1
AY302555.1,1
AY302560.1,1
AY485642.1,3
AY310120.1,6
AY345986.1,6
AY345988.1,6
AY461660.1,6
AY282752.2,6
AY350750.1,6
AY357075.1,6
AY357076.1,6
AY304486.1,6
AY304488.1,6
AY304495.1,6
AF465512.1,1
AY427439.1,6
AY283798.2,6
AY362699.1,6
AY283794.1,6
AY283795.1,6
AY283796.1,6
AY283797.1,6
AY351680.1,19
AY278554.2,6
AY321118.1,6
AY297028.1,9
AY166867.1,1
M69205.1,3
AF235167.1,4
AF061869.1,3
AF002227.1,1
AY032605.1,3
AF201929.1,8
AF407339.1,1
AF103734.1,3
AF241359.1,1
V01150.1,1
AB042808.1,3
AF091736.1,2
AF093797.1,3
U15301.2,3
AF230973.1,4
AB032553.1,3
AF227250.1,2
AF123432.1,1
AF123433.1,1
AF070476.1,1
AF091605.1,1
AF059243.1,2
U38304.1,3
MN727299.1,6
MK801755.1,6
MN186249.1,5
MN251607.1,8
MN163124.1,7
MN164438.1,5
MN258361.1,7
MN121838.1,8
KY629773.1,7
KY674940.1,7
KY674944.1,7
MF045424.1,6
MN306022.1,7
MN306027.1,7
MN604146.1,7
MH484613.1,7
MN147865.1,5
MN599999.1,3
MK310205.1,6
LR722641.1,4
LC495297.1,9
MN163276.1,6
MH557085.1,7
MN416402.1,8
LC187305.1,6
NC_040532.1,5
NC_040599.1,5
NC_040602.1,4
NC_040664.1,5
NC_040669.1,4
NC_040786.1,5
MN131115.1,7
MN630020.1,9
MN630022.1,7
MN630023.1,8
MN630054.1,7
MN630056.1,7
MN630058.1,7
MN145872.1,7
MK033747.1,7
MK966418.1,4
MN225937.1,4
MH356238.2,9
NC_025349.3,6
KX119151.2,6
MH643893.1,5
MH121162.1,8
MH121167.1,8
MK028834.1,8
MN078236.1,6
MN062017.1,6
NC_043539.1,7
NC_043540.1,7
MK592884.1,6
MH844488.1,6
KY629928.1,7
MK828539.1,6
MK613994.1,5
MK340750.1,8
MK574679.1,4
MK585570.1,7
MK088516.1,7
MG947594.1,6
MH717815.1,4
MH423285.2,6
MK091103.1,7
MH892407.1,7
MG760848.1,5
MH559279.1,4
MH926029.1,5
NC_028237.2,6
MK279727.1,7
MH708896.1,7
LC200422.1,7
MG983927.1,5
NC_025344.1,6
KX364383.1,6
MH919396.1,5
MH664040.1,5
MH664046.1,5
NC_030451.1,6
NC_034551.1,5
NC_038269.1,4
NC_038270.1,7
NC_038271.1,7
NC_038272.1,7
NC_038281.1,6
NC_038286.1,5
NC_039013.1,3
NC_039014.1,3
NC_039015.1,6
NC_039016.1,6
NC_039017.1,6
NC_039018.1,6
NC_039019.1,6
NC_039021.1,5
NC_039195.1,6
NC_039197.1,7
NC_039231.1,7
KY785936.1,8
NC_028106.1,4
NC_000855.1,5
NC_000903.1,5
NC_001615.3,6
NC_001803.1,7
NC_002199.1,6
NC_002251.1,4
NC_002803.1,5
NC_003243.1,5
NC_003467.2,1
NC_003746.1,6
NC_004074.1,7
NC_004108.1,1
NC_004161.1,8
NC_005036.1,6
NC_005084.2,7
NC_005093.1,5
NC_005215.1,1
NC_005218.1,1
NC_005225.1,1
NC_005227.2,1
NC_005283.1,7
NC_005339.1,6
NC_005776.1,1
NC_005974.1,6
NC_006051.1,0
NC_006296.2,8
NC_006314.1,0
NC_006383.2,9
NC_006428.1,7
NC_006429.1,5
NC_006433.1,1
NC_006579.1,6
NC_006942.1,6
NC_007020.1,6
NC_007454.1,8
NC_007642.1,5
NC_007803.1,9
NC_008514.1,5
NC_009489.1,7
NC_009527.1,5
NC_009640.1,7
NC_011532.1,6
NC_011558.1,1
NC_011639.1,6
NC_012702.1,2
NC_012703.1,3
NC_013105.1,1
NC_013955.1,6
NC_015298.1,0
NC_016136.1,6
NC_016144.1,8
NC_017685.1,6
NC_017714.1,6
NC_017937.1,6
NC_018381.2,6
NC_018629.1,5
NC_020804.1,5
NC_020805.1,5
NC_020808.1,5
NC_020809.1,5
NC_020810.1,5
NC_022580.1,6
NC_022581.1,5
NC_022755.1,5
NC_024376.1,1
NC_024778.1,4
NC_025251.1,5
NC_025253.1,4
NC_025255.1,5
NC_025256.1,6
NC_025340.1,5
NC_025341.1,5
NC_025342.1,5
NC_025343.1,7
NC_025345.1,6
NC_025347.1,6
NC_025348.1,7
NC_025350.1,7
NC_025351.1,6
NC_025352.1,7
NC_025353.1,5
NC_025355.1,8
NC_025356.1,5
NC_025358.1,6
NC_025359.1,5
NC_025360.1,7
NC_025361.1,6
NC_025362.1,5
NC_025363.1,6
NC_025364.1,5
NC_025365.1,5
NC_025371.1,5
NC_025373.1,6
NC_025376.1,5
NC_025377.1,5
NC_025378.1,5
NC_025383.1,4
NC_025384.1,5
NC_025385.1,5
NC_025386.1,8
NC_025387.1,5
NC_025389.1,6
NC_025390.1,6
NC_025391.1,5
NC_025393.1,4
NC_025394.1,5
NC_025395.1,4
NC_025396.1,6
NC_025397.1,5
NC_025399.1,5
NC_025400.1,6
NC_025401.1,5
NC_025402.1,7
NC_025403.1,7
NC_025404.1,7
NC_025405.1,4
NC_025406.1,5
NC_025407.1,7
NC_025408.1,5
NC_025410.1,7
NC_028231.1,6
NC_028232.1,4
NC_028236.1,5
NC_028239.1,6
NC_028241.1,6
NC_028243.1,3
NC_028244.1,4
NC_028246.1,6
NC_028255.1,5
NC_028482.1,3
NC_029122.1,1
NC_029558.1,0
NC_030231.1,6
NC_030660.1,1
NC_030688.1,4
NC_030690.1,4
NC_030701.1,4
NC_031988.1,5
NC_034240.1,0
NC_036390.1,6
MG027862.1,7
KY421920.1,6
LC168749.1,8
KY745892.1,7
KX497133.1,5
KX953297.1,7
KX223397.1,7
NC_030692.1,4
KU646513.1,6
KP876483.1,5
KP688373.1,5
KJ701190.1,5
HG934338.1,7
JN408064.1,7
KC164758.1,8
JN638998.1,8
HM566194.1,5
JN635402.1,8
JN635403.1,8
JN635404.1,7
JN635405.1,7
JN635406.1,7
JN635407.1,7
JN635408.1,7
JN635409.1,9
JN635410.1,8
JN635411.1,9
FN431985.1,7
FJ621583.1,8
EU500826.1,7
EF446132.1,7
U39662.1,7
DQ447650.1,7
DQ447653.1,7
AY685920.1,7
AY353550.1,7
AY486083.1,7
AF378705.1,7
AF375823.1,6
AF266286.1,7
AF266287.1,7
AF266289.1,7
