A,T,G,C
7330.5,8062.625,7267.625,7063.375
9475.75,10445.875,7823.75,8147.0
6046.75,6280.125,5477.125,5649.75
7652.0,9230.875,6304.375,5996.5
7852.125,9373.75,6417.125,6129.25
5729.5,6113.625,4950.375,5144.75
10110.25,10697.875,8475.125,8228.25
7563.125,8434.375,7670.25,7708.75
8848.5,10282.625,7526.625,7185.5
7795.0,9337.25,6601.25,6750.875
8209.5,8848.25,7051.625,6598.875
6619.875,8109.75,5529.875,5815.0
7800.5,9478.125,6380.5,6610.0
8750.375,10188.125,7450.25,7096.5
7772.25,8376.625,6997.625,6860.25
7952.75,8530.125,7106.0,7212.25
5644.5,6073.375,4877.125,5257.875
5734.125,5783.125,5489.125,5411.875
7396.875,7872.0,7323.5,7020.25
4372.625,4389.0,4379.0,4332.125
7832.875,9342.75,6421.875,6138.875
7930.5,8648.125,7655.0,7710.5
7439.25,8286.75,7099.375,7478.875
9641.5,10544.625,8681.5,8390.0
7238.125,7867.75,7030.0,7219.125
5746.875,5954.75,5666.375,5836.125
5776.375,5952.0,5652.75,5822.25
5679.125,6526.75,4174.375,4734.875
5689.125,6160.375,4946.0,5296.375
5975.5,6445.875,5242.5,5376.875
6314.875,6888.625,5767.75,6183.125
7587.875,8451.75,7635.375,7583.875
7557.625,8446.5,7619.0,7538.5
7611.25,8441.375,7616.25,7558.5
7472.25,8335.5,7569.375,7504.875
7810.125,8386.0,7157.125,6918.875
7789.125,8396.5,7127.125,6890.25
7849.75,8421.75,7106.75,6890.5
7576.375,8461.25,7644.625,7572.625
7764.625,8375.875,7100.5,6831.625
4848.5,4866.375,3935.5,4057.25
4903.75,5886.0,5734.25,5370.125
7587.75,8464.375,7637.625,7576.75
7734.875,8637.5,6968.375,7073.0
8095.625,8939.0,7249.125,7487.375
6307.875,6448.125,5218.75,5455.375
9685.625,10378.375,8620.75,8354.375
9443.75,10487.625,8950.375,8243.5
9548.5,10452.25,8912.625,8256.625
7770.0,9120.875,5702.5,6644.75
9421.0,10343.625,7901.375,8214.625
9640.875,10181.5,7514.375,7920.5
9177.875,9876.75,7136.875,7672.625
7406.25,8115.625,7268.25,7116.75
8308.875,8887.5,7086.25,7110.875
8104.875,8668.875,6983.5,7109.625
5941.375,6414.75,5753.375,5870.0
5709.125,6307.0,4807.5,5031.25
9468.75,10045.0,9178.375,8711.75
4355.25,4396.25,4426.5,4356.0
7763.5,8372.125,7105.25,6829.375
8754.75,9252.5,6585.625,6915.75
7981.0,9209.0,6280.0,6289.75
6470.625,6981.125,5554.0,5888.125
7491.625,8235.125,7082.625,7121.375
7748.625,9438.25,6395.25,6750.75
8770.75,10200.5,7478.5,7111.375
6044.125,6266.5,5503.625,5651.875
4708.25,4680.75,3956.125,4133.0
7156.125,7407.0,6278.375,5824.0
7095.875,7955.25,6445.25,7068.0
7834.0,8395.75,7139.875,6897.625
7827.5,8424.25,7214.125,7092.5
7734.0,9417.375,6458.75,6803.75
6218.125,6502.25,5251.0,5487.625
7638.875,8378.125,6582.25,6686.875
7710.0,8344.0,6528.25,6708.375
5704.25,6109.125,4942.25,5144.5
6938.25,7385.0,5346.75,5764.0
6989.5,7373.375,5478.5,5824.375
7111.75,7426.0,5988.75,5873.5
6284.0,6551.5,5380.625,5758.875
6014.25,6495.375,5738.0,5829.625
7848.5,9561.125,6388.25,6606.25
8042.0,8531.875,6786.0,6890.75
8007.625,9218.0,6267.625,6263.125
6250.0,6752.25,5889.5,5944.75
5595.625,6202.125,5037.75,5318.75
4524.5,4804.375,4032.375,3957.875
4486.625,4687.375,4123.5,4030.375
7657.75,8497.125,6965.5,7270.375
7487.5,8228.625,7068.0,7113.125
7374.375,7882.625,7072.5,7073.75
7119.75,7591.875,7366.25,7330.625
7104.125,7702.5,7526.25,7227.375
7152.5,7802.875,5452.125,5700.375
7855.375,8491.5,6929.25,6915.875
7886.75,8548.625,7095.625,6995.125
6588.5,7488.5,5874.125,6361.75
9603.625,10480.0,8639.625,8363.75
4720.375,4684.625,4026.125,4102.125
5027.0,5854.5,5639.625,5418.375
5254.375,6222.875,5572.75,5659.125
6870.5,7807.375,6046.875,6296.125
7900.75,9425.25,6410.0,6115.125
9277.0,10175.125,7903.125,7848.75
6725.625,7299.0,5709.875,6279.625
5432.0,6140.875,4801.125,5304.75
6018.25,6270.0,5466.875,5501.0
1941.0,2011.375,1594.75,1670.625
6818.875,7857.5,6327.875,6649.0
7840.625,8406.125,7257.5,7051.5
3635.125,4216.75,2806.25,3062.25
9800.25,10424.0,8540.125,8362.375
7336.125,8128.75,7323.0,7128.25
7585.875,8565.0,6876.0,7250.875
4968.375,5778.375,5596.125,5364.125
1969.375,2011.5,1588.625,1696.625
859.625,922.625,741.5,811.75
3573.125,3755.75,2586.875,2954.375
945.125,1002.375,809.0,845.0
7894.0,8666.75,7039.875,7301.25
8544.25,9233.75,7442.125,7561.375
3562.25,4169.625,2786.375,2933.5
6927.875,7883.75,6050.5,6263.875
4698.0,3971.75,3341.75,3014.5
7519.875,8433.875,7722.75,7580.5
5226.625,4110.875,3654.0,3072.0
7537.375,8456.375,7695.875,7678.5
7850.375,8397.875,7189.375,6957.625
6089.375,6295.375,5461.25,5647.625
846.625,937.875,751.375,809.0
7661.5,8362.25,6557.75,6705.25
5955.125,6344.25,5641.625,5714.625
5886.25,6003.625,5153.875,5423.375
9694.25,10578.375,8369.25,8651.25
6467.25,7010.875,5560.375,6173.25
9866.5,10361.75,8656.875,8927.25
5663.75,6356.75,5234.75,5460.125
7797.625,8228.75,7385.25,7070.75
6055.5,6329.5,5470.0,5683.125
7522.625,7903.0,7371.75,7089.0
6523.0,7060.25,5702.375,6149.875
3254.25,3728.125,3078.125,3330.25
7174.875,7643.625,5322.625,5749.5
6147.875,5361.875,5803.625,5797.375
5951.75,5230.375,5879.5,5812.0
3860.25,4232.125,2841.625,2901.125
8132.625,8983.0,6854.125,7006.5
4329.75,3861.875,2825.875,2793.125
6485.125,6998.125,5836.875,6031.25
8970.125,10346.75,9394.625,8482.0
7819.875,8908.375,5794.75,6365.75
8133.75,9777.875,5993.875,7236.625
7683.0,8190.75,7011.25,7182.875
6915.375,7526.125,5786.625,6262.25
6209.0,6540.5,5183.25,5477.0
7127.25,7825.625,5489.875,5667.5
5631.0,6077.0,4897.5,5248.125
6041.125,6262.75,5476.5,5656.0
6072.125,6341.375,5537.5,5610.5
6098.625,6339.5,5512.25,5607.125
6621.25,7149.0,5438.0,5687.25
5918.625,6535.25,5254.0,5511.25
5420.0,5827.125,4809.625,4958.375
6288.625,5178.375,5794.5,6017.75
4504.125,4799.875,4024.625,4155.75
6043.875,6229.75,5484.25,5651.75
5730.875,6152.25,6245.625,5967.0
5730.625,6024.875,4878.75,5267.5
9120.75,10797.75,8349.125,8171.375
5300.25,5748.5,5456.875,5466.375
5551.875,5963.0,5082.625,5324.25
5552.875,5896.375,5089.75,5333.625
7748.625,8584.5,7070.875,7038.125
9013.625,9930.125,7195.375,7599.5
8085.375,8729.75,6707.75,6926.5
8020.125,8520.25,6856.0,6950.875
7741.375,8427.625,6963.375,6835.875
9310.0,10729.0,7714.375,7948.5
9499.875,10561.375,7899.875,8263.0
5593.25,6062.75,4957.375,5157.625
9952.25,10782.875,8243.0,8722.125
5436.125,6168.875,4890.875,5337.125
7776.625,9189.5,5706.5,6795.125
5731.0,6522.875,5004.125,5394.5
8207.25,9164.625,7824.5,8202.375
8913.625,9681.0,7810.875,7552.375
6219.125,6947.875,5232.75,5640.875
7555.375,8253.0,7173.0,7169.875
5590.125,6102.25,4866.75,5098.125
6429.5,6637.625,5211.5,5390.125
5402.875,6125.0,4925.0,5340.125
8217.125,8944.5,7613.75,7048.875
5446.375,6064.25,4901.0,5421.375
6349.625,6613.375,5501.0,5684.875
5481.625,5827.25,5262.625,5466.25
5339.75,5542.625,4480.0,4314.625
5160.5,5446.5,5681.125,5728.5
6089.625,6250.875,5460.375,5605.875
8633.25,8994.75,7599.125,7600.625
5470.375,5932.625,5458.25,5757.0
6675.5,7061.0,5920.0,6145.375
7641.5,8355.25,7241.875,7175.0
5848.25,6370.625,4705.25,5001.375
6242.5,7054.375,4389.25,4865.0
5687.75,6149.75,4804.75,5191.125
6455.0,7310.0,4571.0,4989.25
7953.25,9326.625,6014.125,7012.125
7008.125,7682.75,5489.375,5733.25
5421.375,6083.5,5111.75,5454.25
7931.625,9320.375,5998.875,7058.5
5710.875,6159.0,4755.75,5084.0
7838.25,9150.625,6395.25,6907.125
8120.875,8724.75,6887.5,7001.625
7867.75,8540.5,7103.5,6984.5
5679.25,6283.375,4727.375,5180.375
5664.125,6484.125,4639.75,5114.625
9273.125,9681.625,7668.875,7646.0
6055.375,6334.125,5563.625,5613.375
8156.125,8894.0,7272.375,6942.375
6378.875,7362.75,6003.375,6222.875
5664.25,6463.25,4795.5,5104.0
5509.5,6030.375,4945.75,5284.125
8351.875,9941.5,6108.125,7261.0
7568.625,8371.625,5955.0,6534.125
5072.25,5328.375,5445.625,5410.625
6398.25,6989.25,5628.375,5995.875
7774.375,8911.875,5717.625,6304.75
5472.875,5971.5,5017.625,5181.375
5957.75,6476.625,5396.375,5564.75
782.625,865.25,864.0,831.5
1260.125,1248.125,903.25,787.75
8085.5,8931.5,7253.125,7499.875
3841.625,4342.125,2778.75,2820.25
4651.625,4639.5,4082.125,4157.375
4763.125,4757.125,3931.125,4109.375
4555.5,4690.75,4079.5,3976.75
6134.75,6212.375,5447.75,5649.0
7259.25,6689.5,6477.625,5980.5
6103.375,6613.75,5742.625,6018.875
7898.5,9402.25,6406.25,6104.875
7279.5,7649.0,5217.0,5756.5
7521.25,8430.5,7700.875,7594.875
7555.875,8568.25,6936.5,7221.875
6840.625,7272.625,5796.25,6046.0
7817.875,8420.875,7146.625,6880.5
7815.125,8419.625,7121.5,6889.0
4371.875,4393.625,4399.0,4365.75
8010.75,8838.125,7191.625,7440.5
5673.0,6390.125,5202.25,5447.375
7127.625,7792.75,5505.375,5683.75
6479.125,7491.375,5604.625,6295.875
6680.5,8357.0,6096.125,6672.0
10156.375,10730.75,8433.375,8211.375
7583.75,8461.625,7628.375,7581.625
9683.0,10414.0,8651.125,8336.875
5694.75,6066.25,4859.25,5232.5
7578.875,8452.625,7645.875,7588.625
7576.75,8456.125,7645.875,7586.625
7585.625,8458.125,7642.25,7573.75
7575.5,8452.25,7644.125,7586.0
7578.5,8445.0,7643.375,7591.875
7594.5,8452.375,7629.625,7581.25
7578.75,8437.375,7643.625,7600.0
7600.125,8449.75,7622.5,7586.375
7567.5,8440.625,7652.375,7595.625
7576.5,8477.125,7646.0,7558.0
7818.25,8425.375,7124.25,6894.25
9784.375,10414.375,8538.625,8381.25
10136.375,10763.25,8455.0,8185.875
10125.75,10701.75,8462.5,8241.25
7899.0,9427.875,6409.125,6113.875
10155.25,10720.625,8431.125,8230.0
10152.75,10685.875,8447.125,8253.375
7810.375,8412.375,7144.5,6899.25
7888.875,9450.875,6437.375,6143.75
7584.875,8453.375,7636.875,7580.25
7922.625,8556.625,7176.0,7200.375
7424.25,8068.375,7240.125,7172.625
7589.125,8459.875,7631.75,7575.375
7581.375,8455.5,7638.625,7579.875
7582.125,8450.0,7642.25,7580.875
